[
  {
    "id": "ce613527-653a-4347-99e9-630faa1cbe62",
    "data": [
      {
        "text": "Have a nice day",
        "userDefined": false
      }
    ],
    "isTemplate": false,
    "count": 0,
    "lang": "en",
    "updated": 0
  },
  {
    "id": "2b2969e5-d183-4123-abd0-3daa866a0aac",
    "data": [
      {
        "text": "Great",
        "userDefined": false
      }
    ],
    "isTemplate": false,
    "count": 0,
    "lang": "en",
    "updated": 0
  },
  {
    "id": "03748276-cd0f-4d7a-b995-7a5896c48fe7",
    "data": [
      {
        "text": "Great, thanks",
        "userDefined": false
      }
    ],
    "isTemplate": false,
    "count": 0,
    "lang": "en",
    "updated": 0
  },
  {
    "id": "4e758b78-cf0d-4c9c-854a-613ce5fd6c65",
    "data": [
      {
        "text": "That\u0027s all",
        "userDefined": false
      }
    ],
    "isTemplate": false,
    "count": 0,
    "lang": "en",
    "updated": 0
  },
  {
    "id": "a4c0ffe9-1b54-4a2c-990b-14673c3e7e71",
    "data": [
      {
        "text": "Appreciate it",
        "userDefined": false
      }
    ],
    "isTemplate": false,
    "count": 0,
    "lang": "en",
    "updated": 0
  },
  {
    "id": "919f2c40-4ca1-4ff0-aab7-f2a297af62b1",
    "data": [
      {
        "text": "Thank you",
        "userDefined": false
      }
    ],
    "isTemplate": false,
    "count": 0,
    "lang": "en",
    "updated": 0
  },
  {
    "id": "326ba3f9-f0ce-4c7e-97e1-57abd6738af1",
    "data": [
      {
        "text": "Thanks",
        "userDefined": false
      }
    ],
    "isTemplate": false,
    "count": 0,
    "lang": "en",
    "updated": 0
  },
  {
    "id": "ee6334ce-b3ac-4908-aed1-b6c796b9d794",
    "data": [
      {
        "text": "Bye",
        "userDefined": false
      }
    ],
    "isTemplate": false,
    "count": 0,
    "lang": "en",
    "updated": 0
  }
]