[
  {
    "id": "bcb9a2d8-26c9-4809-9a81-5de8908006c1",
    "data": [
      {
        "text": "I love ",
        "userDefined": false
      },
      {
        "text": "formal",
        "meta": "@ClothingType",
        "alias": "ClothingType",
        "userDefined": false
      },
      {
        "text": " clothes",
        "userDefined": false
      }
    ],
    "isTemplate": false,
    "count": 0,
    "lang": "en",
    "updated": 0
  },
  {
    "id": "9800dae0-3412-4274-8591-42f2b48f41d2",
    "data": [
      {
        "text": "I\u0027d like to go ",
        "userDefined": false
      },
      {
        "text": "casual",
        "meta": "@ClothingType",
        "alias": "ClothingType",
        "userDefined": false
      },
      {
        "text": " for today",
        "userDefined": false
      }
    ],
    "isTemplate": false,
    "count": 0,
    "lang": "en",
    "updated": 0
  },
  {
    "id": "600a2545-e953-429b-aabf-0d0a2c25e786",
    "data": [
      {
        "text": "My clothing type preference is ",
        "userDefined": false
      },
      {
        "text": "casual",
        "meta": "@ClothingType",
        "alias": "ClothingType",
        "userDefined": false
      }
    ],
    "isTemplate": false,
    "count": 0,
    "lang": "en",
    "updated": 0
  },
  {
    "id": "5f29ece5-5173-4dbe-9b35-21094a8d4682",
    "data": [
      {
        "text": "Casual",
        "meta": "@ClothingType",
        "alias": "ClothingType",
        "userDefined": false
      },
      {
        "text": " would be nice",
        "userDefined": false
      }
    ],
    "isTemplate": false,
    "count": 0,
    "lang": "en",
    "updated": 0
  },
  {
    "id": "870ed812-3bb5-42be-bef8-75dd2924b716",
    "data": [
      {
        "text": "I would like to go with ",
        "userDefined": false
      },
      {
        "text": "casual",
        "meta": "@ClothingType",
        "alias": "ClothingType",
        "userDefined": false
      },
      {
        "text": " clothes",
        "userDefined": false
      }
    ],
    "isTemplate": false,
    "count": 0,
    "lang": "en",
    "updated": 0
  },
  {
    "id": "85ea068e-3aed-42de-8fc3-734af84336c2",
    "data": [
      {
        "text": "I prefer ",
        "userDefined": false
      },
      {
        "text": "casual",
        "meta": "@ClothingType",
        "alias": "ClothingType",
        "userDefined": false
      },
      {
        "text": " clothes",
        "userDefined": false
      }
    ],
    "isTemplate": false,
    "count": 0,
    "lang": "en",
    "updated": 0
  },
  {
    "id": "379e60a5-c181-40c5-b599-0ee069ae87d7",
    "data": [
      {
        "text": "Something ",
        "userDefined": false
      },
      {
        "text": "formal",
        "meta": "@ClothingType",
        "alias": "ClothingType",
        "userDefined": false
      },
      {
        "text": " please",
        "userDefined": false
      }
    ],
    "isTemplate": false,
    "count": 0,
    "lang": "en",
    "updated": 0
  },
  {
    "id": "4a5b84fd-ec88-48b8-bca9-503898734747",
    "data": [
      {
        "text": "Formal",
        "meta": "@ClothingType",
        "alias": "ClothingType",
        "userDefined": false
      }
    ],
    "isTemplate": false,
    "count": 0,
    "lang": "en",
    "updated": 0
  },
  {
    "id": "579a5577-1b3c-4b09-b043-38c462b414a8",
    "data": [
      {
        "text": "Casual",
        "meta": "@ClothingType",
        "alias": "ClothingType",
        "userDefined": false
      }
    ],
    "isTemplate": false,
    "count": 0,
    "lang": "en",
    "updated": 0
  }
]