[
  {
    "id": "76edfe56-7ac3-4b15-ad74-b2ae7aa5e94c",
    "data": [
      {
        "text": "I don\u0027t have ",
        "userDefined": false
      },
      {
        "text": "any",
        "meta": "@sys.color",
        "alias": "Color",
        "userDefined": true
      }
    ],
    "isTemplate": false,
    "count": 0,
    "lang": "en",
    "updated": 0
  },
  {
    "id": "5f7449fb-1f30-453f-8538-d3eca75b4b4f",
    "data": [
      {
        "text": "Not",
        "meta": "@sys.color",
        "alias": "Color",
        "userDefined": true
      },
      {
        "text": " really",
        "userDefined": false
      }
    ],
    "isTemplate": false,
    "count": 0,
    "lang": "en",
    "updated": 0
  },
  {
    "id": "5ac55fdb-ccf8-47d1-a994-212fb5fe6504",
    "data": [
      {
        "text": "None",
        "meta": "@sys.color",
        "alias": "Color",
        "userDefined": true
      }
    ],
    "isTemplate": false,
    "count": 0,
    "lang": "en",
    "updated": 0
  },
  {
    "id": "69c4e63a-2995-4b50-bbdf-3fd60bb54f67",
    "data": [
      {
        "text": "No",
        "meta": "@sys.color",
        "alias": "Color",
        "userDefined": true
      }
    ],
    "isTemplate": false,
    "count": 0,
    "lang": "en",
    "updated": 0
  },
  {
    "id": "7729b280-32d9-43fe-987e-51b3ba4e7e7b",
    "data": [
      {
        "text": "Please consider ",
        "userDefined": false
      },
      {
        "text": "gold",
        "meta": "@sys.color",
        "alias": "Color",
        "userDefined": false
      }
    ],
    "isTemplate": false,
    "count": 0,
    "lang": "en",
    "updated": 0
  },
  {
    "id": "5e486b58-7b44-4724-b8aa-440127c3925a",
    "data": [
      {
        "text": "Orange",
        "meta": "@sys.color",
        "alias": "Color",
        "userDefined": false
      }
    ],
    "isTemplate": false,
    "count": 0,
    "lang": "en",
    "updated": 0
  },
  {
    "id": "6887f2fb-13f7-4b5b-b1b6-d5182fc602f7",
    "data": [
      {
        "text": "White",
        "meta": "@sys.color",
        "alias": "Color",
        "userDefined": false
      },
      {
        "text": " would be nice",
        "userDefined": false
      }
    ],
    "isTemplate": false,
    "count": 0,
    "lang": "en",
    "updated": 0
  },
  {
    "id": "2c4074c9-ffad-4f8b-a176-0229074ac662",
    "data": [
      {
        "text": "Maybe something ",
        "userDefined": false
      },
      {
        "text": "green",
        "meta": "@sys.color",
        "alias": "Color",
        "userDefined": false
      }
    ],
    "isTemplate": false,
    "count": 0,
    "lang": "en",
    "updated": 0
  },
  {
    "id": "627dba24-2117-48fa-8f1d-657786f187c1",
    "data": [
      {
        "text": "I love ",
        "userDefined": false
      },
      {
        "text": "pink",
        "meta": "@sys.color",
        "alias": "Color",
        "userDefined": false
      }
    ],
    "isTemplate": false,
    "count": 0,
    "lang": "en",
    "updated": 0
  },
  {
    "id": "571442f7-a2ab-42b3-8d5a-5cc5606ed483",
    "data": [
      {
        "text": "Something in ",
        "userDefined": false
      },
      {
        "text": "black",
        "meta": "@sys.color",
        "alias": "Color",
        "userDefined": false
      },
      {
        "text": " please",
        "userDefined": false
      }
    ],
    "isTemplate": false,
    "count": 0,
    "lang": "en",
    "updated": 0
  },
  {
    "id": "9940f9a5-67fa-432f-b025-76db92d74d07",
    "data": [
      {
        "text": "My favorite color is ",
        "userDefined": false
      },
      {
        "text": "red",
        "meta": "@sys.color",
        "alias": "Color",
        "userDefined": false
      }
    ],
    "isTemplate": false,
    "count": 0,
    "lang": "en",
    "updated": 0
  },
  {
    "id": "7817c40c-32cf-4f3e-a36e-13f524b7a02e",
    "data": [
      {
        "text": "I like ",
        "userDefined": false
      },
      {
        "text": "blue",
        "meta": "@sys.color",
        "alias": "Color",
        "userDefined": false
      }
    ],
    "isTemplate": false,
    "count": 0,
    "lang": "en",
    "updated": 0
  }
]