[
  {
    "id": "21c36a78-2c8c-4886-a5f5-e45361814508",
    "data": [
      {
        "text": "I am going ti a ",
        "userDefined": false
      },
      {
        "text": "class",
        "meta": "@Event",
        "alias": "Event",
        "userDefined": false
      }
    ],
    "isTemplate": false,
    "count": 0,
    "lang": "en",
    "updated": 0
  },
  {
    "id": "818641d0-a544-4b0f-9823-d9a3da9e4ef2",
    "data": [
      {
        "text": "I am going to an ",
        "userDefined": false
      },
      {
        "text": "interview",
        "meta": "@Event",
        "alias": "Event",
        "userDefined": false
      }
    ],
    "isTemplate": false,
    "count": 0,
    "lang": "en",
    "updated": 0
  },
  {
    "id": "29646d11-1ec4-45de-8e07-26d507621a36",
    "data": [
      {
        "text": "Class",
        "meta": "@Event",
        "alias": "Event",
        "userDefined": false
      }
    ],
    "isTemplate": false,
    "count": 0,
    "lang": "en",
    "updated": 0
  },
  {
    "id": "b20d9fa0-7096-476a-bc5d-2f84ee664045",
    "data": [
      {
        "text": "Interview",
        "meta": "@Event",
        "alias": "Event",
        "userDefined": true
      }
    ],
    "isTemplate": false,
    "count": 0,
    "lang": "en",
    "updated": 0
  },
  {
    "id": "dd0b0ac8-d576-4508-99c2-3f446f878b7b",
    "data": [
      {
        "text": "Lesson",
        "meta": "@Event",
        "alias": "Event",
        "userDefined": true
      }
    ],
    "isTemplate": false,
    "count": 0,
    "lang": "en",
    "updated": 0
  },
  {
    "id": "94ea697a-43cf-4ac5-aef5-0b24d53a9d46",
    "data": [
      {
        "text": "I am planning to go to a ",
        "userDefined": false
      },
      {
        "text": "date",
        "meta": "@Event",
        "alias": "Event",
        "userDefined": false
      }
    ],
    "isTemplate": false,
    "count": 0,
    "lang": "en",
    "updated": 0
  },
  {
    "id": "98946caf-97e2-4ab3-8322-a97b2a690048",
    "data": [
      {
        "text": "I will ",
        "userDefined": false
      },
      {
        "text": "go",
        "meta": "@Event",
        "alias": "Event",
        "userDefined": true
      },
      {
        "text": " to a ",
        "userDefined": false
      },
      {
        "text": "lecture",
        "meta": "@Event",
        "alias": "Event",
        "userDefined": false
      }
    ],
    "isTemplate": false,
    "count": 0,
    "lang": "en",
    "updated": 0
  },
  {
    "id": "7171e3e7-c5cc-4707-92f8-1b79925d4cd3",
    "data": [
      {
        "text": "There is a ",
        "userDefined": false
      },
      {
        "text": "job interview",
        "meta": "@Event",
        "alias": "Event",
        "userDefined": false
      },
      {
        "text": " today",
        "userDefined": false
      }
    ],
    "isTemplate": false,
    "count": 0,
    "lang": "en",
    "updated": 0
  },
  {
    "id": "9a207c5b-0319-41a7-bcbe-9bb03b8fc4db",
    "data": [
      {
        "text": "I have a ",
        "userDefined": false
      },
      {
        "text": "date",
        "meta": "@Event",
        "alias": "Event",
        "userDefined": false
      },
      {
        "text": " today",
        "userDefined": false
      }
    ],
    "isTemplate": false,
    "count": 0,
    "lang": "en",
    "updated": 0
  },
  {
    "id": "db4b5eea-5d93-49e1-8f9b-79e5a0834ff9",
    "data": [
      {
        "text": "I plan to go to a ",
        "userDefined": false
      },
      {
        "text": "date",
        "meta": "@Event",
        "alias": "Event",
        "userDefined": false
      }
    ],
    "isTemplate": false,
    "count": 0,
    "lang": "en",
    "updated": 0
  },
  {
    "id": "b4aaf29e-5d69-4dc0-b30b-b4eca687699f",
    "data": [
      {
        "text": "I am heading to a ",
        "userDefined": false
      },
      {
        "text": "lecture",
        "meta": "@Event",
        "alias": "Event",
        "userDefined": false
      }
    ],
    "isTemplate": false,
    "count": 0,
    "lang": "en",
    "updated": 0
  },
  {
    "id": "e288a57f-ad1f-41bf-bdc1-91af0529de95",
    "data": [
      {
        "text": "I am going to a ",
        "userDefined": false
      },
      {
        "text": "job interview",
        "meta": "@Event",
        "alias": "Event",
        "userDefined": false
      }
    ],
    "isTemplate": false,
    "count": 0,
    "lang": "en",
    "updated": 0
  },
  {
    "id": "9d2c962d-b842-4675-b68b-61d18a8c9210",
    "data": [
      {
        "text": "Job Interview",
        "meta": "@Event",
        "alias": "Event",
        "userDefined": false
      }
    ],
    "isTemplate": false,
    "count": 0,
    "lang": "en",
    "updated": 0
  },
  {
    "id": "dca1b2ff-d5ea-4633-8f0b-71428da7c715",
    "data": [
      {
        "text": "Lecture",
        "meta": "@Event",
        "alias": "Event",
        "userDefined": false
      }
    ],
    "isTemplate": false,
    "count": 0,
    "lang": "en",
    "updated": 0
  },
  {
    "id": "2f1d39ff-960b-4d86-aafb-b765cda6cf4f",
    "data": [
      {
        "text": "Date",
        "meta": "@Event",
        "alias": "Event",
        "userDefined": false
      }
    ],
    "isTemplate": false,
    "count": 0,
    "lang": "en",
    "updated": 0
  }
]