[
  {
    "id": "3258f6dd-e413-4b5c-a93a-079394ead38e",
    "data": [
      {
        "text": "Good day",
        "userDefined": false
      }
    ],
    "isTemplate": false,
    "count": 0,
    "lang": "en",
    "updated": 0
  },
  {
    "id": "2532b3f5-46b5-450b-96dd-ec300c2c6b66",
    "data": [
      {
        "text": "Hi chatbot",
        "userDefined": false
      }
    ],
    "isTemplate": false,
    "count": 0,
    "lang": "en",
    "updated": 0
  },
  {
    "id": "400a6293-2083-4679-b793-81ae08c0eb20",
    "data": [
      {
        "text": "Hello StyleBot",
        "userDefined": false
      }
    ],
    "isTemplate": false,
    "count": 0,
    "lang": "en",
    "updated": 0
  },
  {
    "id": "6328b2d4-2c5d-44d8-8892-8f6e71c5f429",
    "data": [
      {
        "text": "Hello chatbot",
        "userDefined": false
      }
    ],
    "isTemplate": false,
    "count": 0,
    "lang": "en",
    "updated": 0
  },
  {
    "id": "e54c2269-66fd-441d-8ee7-c243cb23310e",
    "data": [
      {
        "text": "Good evening",
        "userDefined": false
      }
    ],
    "isTemplate": false,
    "count": 0,
    "lang": "en",
    "updated": 0
  },
  {
    "id": "b46bb01f-6e7a-442a-b285-9220e516a620",
    "data": [
      {
        "text": "Good morning",
        "userDefined": false
      }
    ],
    "isTemplate": false,
    "count": 0,
    "lang": "en",
    "updated": 0
  },
  {
    "id": "4a06085d-cd03-40a9-af75-83271c4c078e",
    "data": [
      {
        "text": "Hi there",
        "userDefined": false
      }
    ],
    "isTemplate": false,
    "count": 0,
    "lang": "en",
    "updated": 0
  },
  {
    "id": "3f8c58c1-c1d0-4587-8406-5cc5c3316364",
    "data": [
      {
        "text": "Hey",
        "userDefined": false
      }
    ],
    "isTemplate": false,
    "count": 0,
    "lang": "en",
    "updated": 0
  },
  {
    "id": "a5fb9beb-6312-4d2b-a5a5-d780c01cf528",
    "data": [
      {
        "text": "Hello",
        "userDefined": false
      }
    ],
    "isTemplate": false,
    "count": 0,
    "lang": "en",
    "updated": 0
  },
  {
    "id": "f474181d-64bd-4b2f-a910-15d79e2c4738",
    "data": [
      {
        "text": "Hi",
        "userDefined": false
      }
    ],
    "isTemplate": false,
    "count": 0,
    "lang": "en",
    "updated": 0
  }
]