[
  {
    "id": "3400e5ff-a49c-4f16-961b-b10dd1559c53",
    "data": [
      {
        "text": "Have a nice day",
        "userDefined": false
      }
    ],
    "isTemplate": false,
    "count": 0,
    "lang": "en",
    "updated": 0
  },
  {
    "id": "a5168052-c8c3-4c54-ad82-77a09b5ef559",
    "data": [
      {
        "text": "Great",
        "userDefined": false
      }
    ],
    "isTemplate": false,
    "count": 0,
    "lang": "en",
    "updated": 0
  },
  {
    "id": "1ce9c9c4-6925-4390-846b-37a3551cc1b3",
    "data": [
      {
        "text": "Great, thanks",
        "userDefined": false
      }
    ],
    "isTemplate": false,
    "count": 0,
    "lang": "en",
    "updated": 0
  },
  {
    "id": "f0f8d2ef-01b0-4861-8160-776bc3695122",
    "data": [
      {
        "text": "That\u0027s all",
        "userDefined": false
      }
    ],
    "isTemplate": false,
    "count": 0,
    "lang": "en",
    "updated": 0
  },
  {
    "id": "a6b24936-e947-4c8f-802f-e34045363668",
    "data": [
      {
        "text": "Appreciate it",
        "userDefined": false
      }
    ],
    "isTemplate": false,
    "count": 0,
    "lang": "en",
    "updated": 0
  },
  {
    "id": "b581370d-915a-46db-97c2-0182cd1d49c0",
    "data": [
      {
        "text": "Thank you",
        "userDefined": false
      }
    ],
    "isTemplate": false,
    "count": 0,
    "lang": "en",
    "updated": 0
  },
  {
    "id": "3ca3d93f-41c0-4c79-8c17-dd12a194df68",
    "data": [
      {
        "text": "Thanks",
        "userDefined": false
      }
    ],
    "isTemplate": false,
    "count": 0,
    "lang": "en",
    "updated": 0
  },
  {
    "id": "67481a0e-a455-4d71-9cb6-3c3230bfba07",
    "data": [
      {
        "text": "Bye",
        "userDefined": false
      }
    ],
    "isTemplate": false,
    "count": 0,
    "lang": "en",
    "updated": 0
  }
]