[
  {
    "id": "af839c7d-cf97-4830-bac8-a57ac15db209",
    "data": [
      {
        "text": "I love ",
        "userDefined": false
      },
      {
        "text": "formal",
        "meta": "@ClothingType",
        "alias": "ClothingType",
        "userDefined": false
      },
      {
        "text": " clothes",
        "userDefined": false
      }
    ],
    "isTemplate": false,
    "count": 0,
    "lang": "en",
    "updated": 0
  },
  {
    "id": "00d84968-c88c-4436-b48e-6fa34cd8284f",
    "data": [
      {
        "text": "I\u0027d like to go ",
        "userDefined": false
      },
      {
        "text": "casual",
        "meta": "@ClothingType",
        "alias": "ClothingType",
        "userDefined": false
      },
      {
        "text": " for today",
        "userDefined": false
      }
    ],
    "isTemplate": false,
    "count": 0,
    "lang": "en",
    "updated": 0
  },
  {
    "id": "b977af34-4433-44ab-bafa-0cb4bccf040d",
    "data": [
      {
        "text": "My clothing type preference is ",
        "userDefined": false
      },
      {
        "text": "casual",
        "meta": "@ClothingType",
        "alias": "ClothingType",
        "userDefined": false
      }
    ],
    "isTemplate": false,
    "count": 0,
    "lang": "en",
    "updated": 0
  },
  {
    "id": "12135a51-b671-481f-91e5-6917c44f70bc",
    "data": [
      {
        "text": "Casual",
        "meta": "@ClothingType",
        "alias": "ClothingType",
        "userDefined": false
      },
      {
        "text": " would be nice",
        "userDefined": false
      }
    ],
    "isTemplate": false,
    "count": 0,
    "lang": "en",
    "updated": 0
  },
  {
    "id": "37f9f076-c778-486c-bd77-fcadc298099e",
    "data": [
      {
        "text": "I would like to go with ",
        "userDefined": false
      },
      {
        "text": "casual",
        "meta": "@ClothingType",
        "alias": "ClothingType",
        "userDefined": false
      },
      {
        "text": " clothes",
        "userDefined": false
      }
    ],
    "isTemplate": false,
    "count": 0,
    "lang": "en",
    "updated": 0
  },
  {
    "id": "cfa52d38-f466-4849-881b-4ce920d8757e",
    "data": [
      {
        "text": "I prefer ",
        "userDefined": false
      },
      {
        "text": "casual",
        "meta": "@ClothingType",
        "alias": "ClothingType",
        "userDefined": false
      },
      {
        "text": " clothes",
        "userDefined": false
      }
    ],
    "isTemplate": false,
    "count": 0,
    "lang": "en",
    "updated": 0
  },
  {
    "id": "4a76991f-0ff2-47e9-9e17-281d9048bad2",
    "data": [
      {
        "text": "Something ",
        "userDefined": false
      },
      {
        "text": "formal",
        "meta": "@ClothingType",
        "alias": "ClothingType",
        "userDefined": false
      },
      {
        "text": " please",
        "userDefined": false
      }
    ],
    "isTemplate": false,
    "count": 0,
    "lang": "en",
    "updated": 0
  },
  {
    "id": "14c1e465-f9d7-4fe6-8324-f24dcafa705d",
    "data": [
      {
        "text": "Formal",
        "meta": "@ClothingType",
        "alias": "ClothingType",
        "userDefined": false
      }
    ],
    "isTemplate": false,
    "count": 0,
    "lang": "en",
    "updated": 0
  },
  {
    "id": "115191ec-f180-4164-bca8-79d3fc742c8b",
    "data": [
      {
        "text": "Casual",
        "meta": "@ClothingType",
        "alias": "ClothingType",
        "userDefined": false
      }
    ],
    "isTemplate": false,
    "count": 0,
    "lang": "en",
    "updated": 0
  }
]