[
  {
    "id": "8acf3d08-c44a-4107-9fd3-09b548651955",
    "data": [
      {
        "text": "Not",
        "meta": "@sys.color",
        "alias": "Color",
        "userDefined": true
      },
      {
        "text": " really",
        "userDefined": false
      }
    ],
    "isTemplate": false,
    "count": 0,
    "lang": "en",
    "updated": 0
  },
  {
    "id": "2aca0986-cda7-4bed-9378-e1b4bb9d8dc9",
    "data": [
      {
        "text": "I don\u0027t have ",
        "userDefined": false
      },
      {
        "text": "any",
        "meta": "@sys.color",
        "alias": "Color",
        "userDefined": true
      }
    ],
    "isTemplate": false,
    "count": 0,
    "lang": "en",
    "updated": 0
  },
  {
    "id": "98fddb24-5a86-480f-bd0b-5118278ab768",
    "data": [
      {
        "text": "None",
        "meta": "@sys.color",
        "alias": "Color",
        "userDefined": true
      }
    ],
    "isTemplate": false,
    "count": 0,
    "lang": "en",
    "updated": 0
  },
  {
    "id": "49b13b98-09f6-48e1-bd2b-3b6ca9f3bfb6",
    "data": [
      {
        "text": "No",
        "meta": "@sys.color",
        "alias": "Color",
        "userDefined": true
      }
    ],
    "isTemplate": false,
    "count": 0,
    "lang": "en",
    "updated": 0
  },
  {
    "id": "74501667-e10b-44e2-b9d5-617423dd9f01",
    "data": [
      {
        "text": "Please consider ",
        "userDefined": false
      },
      {
        "text": "gold",
        "meta": "@sys.color",
        "alias": "Color",
        "userDefined": false
      }
    ],
    "isTemplate": false,
    "count": 0,
    "lang": "en",
    "updated": 0
  },
  {
    "id": "79b617ca-b3a6-485e-82b7-8ea06a9c52a9",
    "data": [
      {
        "text": "Orange",
        "meta": "@sys.color",
        "alias": "Color",
        "userDefined": false
      }
    ],
    "isTemplate": false,
    "count": 0,
    "lang": "en",
    "updated": 0
  },
  {
    "id": "112b29b8-fa66-4111-85b5-2159b77cdf45",
    "data": [
      {
        "text": "White",
        "meta": "@sys.color",
        "alias": "Color",
        "userDefined": false
      },
      {
        "text": " would be nice",
        "userDefined": false
      }
    ],
    "isTemplate": false,
    "count": 0,
    "lang": "en",
    "updated": 0
  },
  {
    "id": "25b1a771-531e-4274-a44e-b361994b7787",
    "data": [
      {
        "text": "Maybe something ",
        "userDefined": false
      },
      {
        "text": "green",
        "meta": "@sys.color",
        "alias": "Color",
        "userDefined": false
      }
    ],
    "isTemplate": false,
    "count": 0,
    "lang": "en",
    "updated": 0
  },
  {
    "id": "9ec04cf7-5c9f-4b45-9f07-9cc9c7830377",
    "data": [
      {
        "text": "I love ",
        "userDefined": false
      },
      {
        "text": "pink",
        "meta": "@sys.color",
        "alias": "Color",
        "userDefined": false
      }
    ],
    "isTemplate": false,
    "count": 0,
    "lang": "en",
    "updated": 0
  },
  {
    "id": "cb126b11-1b3a-4963-ac3e-0d26d4e57704",
    "data": [
      {
        "text": "Something in ",
        "userDefined": false
      },
      {
        "text": "black",
        "meta": "@sys.color",
        "alias": "Color",
        "userDefined": false
      },
      {
        "text": ", please",
        "userDefined": false
      }
    ],
    "isTemplate": false,
    "count": 0,
    "lang": "en",
    "updated": 0
  },
  {
    "id": "c1062160-9473-4bcc-8d5c-389fee9a14ee",
    "data": [
      {
        "text": "My favorite color is ",
        "userDefined": false
      },
      {
        "text": "red",
        "meta": "@sys.color",
        "alias": "Color",
        "userDefined": false
      }
    ],
    "isTemplate": false,
    "count": 0,
    "lang": "en",
    "updated": 0
  },
  {
    "id": "44233a28-a4ce-4579-bca6-6387772aa23b",
    "data": [
      {
        "text": "I like ",
        "userDefined": false
      },
      {
        "text": "blue",
        "meta": "@sys.color",
        "alias": "Color",
        "userDefined": false
      }
    ],
    "isTemplate": false,
    "count": 0,
    "lang": "en",
    "updated": 0
  }
]