[
  {
    "id": "00428074-3129-46c3-baa7-90e2b42b7d36",
    "data": [
      {
        "text": "Lesson",
        "meta": "@Event",
        "alias": "Event",
        "userDefined": false
      }
    ],
    "isTemplate": false,
    "count": 0,
    "lang": "en",
    "updated": 0
  },
  {
    "id": "29432cb2-dab8-4bec-ae7d-3d6530670fc0",
    "data": [
      {
        "text": "Interview",
        "meta": "@Event",
        "alias": "Event",
        "userDefined": false
      }
    ],
    "isTemplate": false,
    "count": 0,
    "lang": "en",
    "updated": 0
  },
  {
    "id": "175c1e33-7503-4fa2-9e6a-db8b916bb874",
    "data": [
      {
        "text": "I am planning to go to a ",
        "userDefined": false
      },
      {
        "text": "date",
        "meta": "@Event",
        "alias": "Event",
        "userDefined": false
      }
    ],
    "isTemplate": false,
    "count": 0,
    "lang": "en",
    "updated": 0
  },
  {
    "id": "e17d35b3-afa5-4dfd-b69c-71f6636bc928",
    "data": [
      {
        "text": "I will go to a ",
        "userDefined": false
      },
      {
        "text": "lecture",
        "meta": "@Event",
        "alias": "Event",
        "userDefined": false
      }
    ],
    "isTemplate": false,
    "count": 0,
    "lang": "en",
    "updated": 0
  },
  {
    "id": "0b292de6-75cf-4cb2-96de-faff5b57c509",
    "data": [
      {
        "text": "There is a ",
        "userDefined": false
      },
      {
        "text": "job interview",
        "meta": "@Event",
        "alias": "Event",
        "userDefined": false
      },
      {
        "text": " today",
        "userDefined": false
      }
    ],
    "isTemplate": false,
    "count": 0,
    "lang": "en",
    "updated": 0
  },
  {
    "id": "81593c0d-813b-428a-8660-b219d65d6620",
    "data": [
      {
        "text": "I have a ",
        "userDefined": false
      },
      {
        "text": "date",
        "meta": "@Event",
        "alias": "Event",
        "userDefined": false
      },
      {
        "text": " today",
        "userDefined": false
      }
    ],
    "isTemplate": false,
    "count": 0,
    "lang": "en",
    "updated": 0
  },
  {
    "id": "1d0408d8-965c-4b14-b84a-7e4d690269c1",
    "data": [
      {
        "text": "I plan to go to a ",
        "userDefined": false
      },
      {
        "text": "date",
        "meta": "@Event",
        "alias": "Event",
        "userDefined": false
      }
    ],
    "isTemplate": false,
    "count": 0,
    "lang": "en",
    "updated": 0
  },
  {
    "id": "9383adf3-d8ad-44c2-ac4a-1bb3e22760ea",
    "data": [
      {
        "text": "I am heading to a ",
        "userDefined": false
      },
      {
        "text": "lecture",
        "meta": "@Event",
        "alias": "Event",
        "userDefined": false
      }
    ],
    "isTemplate": false,
    "count": 0,
    "lang": "en",
    "updated": 0
  },
  {
    "id": "e2e0a5a8-3661-4154-a472-5d275fdc55a9",
    "data": [
      {
        "text": "I am going to a ",
        "userDefined": false
      },
      {
        "text": "job interview",
        "meta": "@Event",
        "alias": "Event",
        "userDefined": false
      }
    ],
    "isTemplate": false,
    "count": 0,
    "lang": "en",
    "updated": 0
  },
  {
    "id": "929b097d-ad44-4170-a7c8-36509352e57f",
    "data": [
      {
        "text": "Job Interview",
        "meta": "@Event",
        "alias": "Event",
        "userDefined": false
      }
    ],
    "isTemplate": false,
    "count": 0,
    "lang": "en",
    "updated": 0
  },
  {
    "id": "91ed642d-84ff-4d40-b145-c8fd9bff39f3",
    "data": [
      {
        "text": "Lecture",
        "meta": "@Event",
        "alias": "Event",
        "userDefined": false
      }
    ],
    "isTemplate": false,
    "count": 0,
    "lang": "en",
    "updated": 0
  },
  {
    "id": "d91b7da7-1322-4f09-9c64-ba8bb6e8b267",
    "data": [
      {
        "text": "Date",
        "meta": "@Event",
        "alias": "Event",
        "userDefined": false
      }
    ],
    "isTemplate": false,
    "count": 0,
    "lang": "en",
    "updated": 0
  }
]