[
  {
    "id": "f8c29deb-9ddf-4dca-b784-7dd5307016ed",
    "data": [
      {
        "text": "Lesson",
        "meta": "@Event",
        "alias": "Event",
        "userDefined": false
      }
    ],
    "isTemplate": false,
    "count": 0,
    "lang": "en",
    "updated": 0
  },
  {
    "id": "e325f3c7-3e3b-4053-be45-1be70d6c9c66",
    "data": [
      {
        "text": "Interview",
        "meta": "@Event",
        "alias": "Event",
        "userDefined": false
      }
    ],
    "isTemplate": false,
    "count": 0,
    "lang": "en",
    "updated": 0
  },
  {
    "id": "c0082eb9-2f3d-46c8-8a61-fa706d8f42c8",
    "data": [
      {
        "text": "I am going to a ",
        "userDefined": false
      },
      {
        "text": "job interview",
        "meta": "@Event",
        "alias": "Event",
        "userDefined": false
      }
    ],
    "isTemplate": false,
    "count": 0,
    "lang": "en",
    "updated": 0
  },
  {
    "id": "078f1681-146d-4702-88c5-f06bcbf593b3",
    "data": [
      {
        "text": "I am heading to a ",
        "userDefined": false
      },
      {
        "text": "lecture",
        "meta": "@Event",
        "alias": "Event",
        "userDefined": false
      }
    ],
    "isTemplate": false,
    "count": 0,
    "lang": "en",
    "updated": 0
  },
  {
    "id": "c3f1678d-cabc-4b43-87c5-f436f83ceffc",
    "data": [
      {
        "text": "I am planning to go to a ",
        "userDefined": false
      },
      {
        "text": "date",
        "meta": "@Event",
        "alias": "Event",
        "userDefined": false
      }
    ],
    "isTemplate": false,
    "count": 0,
    "lang": "en",
    "updated": 0
  },
  {
    "id": "47aa76e9-7a49-455d-9838-a833ed627f05",
    "data": [
      {
        "text": "I plan to go to a ",
        "userDefined": false
      },
      {
        "text": "date",
        "meta": "@Event",
        "alias": "Event",
        "userDefined": false
      }
    ],
    "isTemplate": false,
    "count": 0,
    "lang": "en",
    "updated": 0
  },
  {
    "id": "9b653820-59ec-4484-b510-4a7f1c966de0",
    "data": [
      {
        "text": "There is a ",
        "userDefined": false
      },
      {
        "text": "job interview",
        "meta": "@Event",
        "alias": "Event",
        "userDefined": false
      },
      {
        "text": " today",
        "userDefined": false
      }
    ],
    "isTemplate": false,
    "count": 0,
    "lang": "en",
    "updated": 0
  },
  {
    "id": "84b7eb79-346c-4de9-8177-8735652be11a",
    "data": [
      {
        "text": "I have a ",
        "userDefined": false
      },
      {
        "text": "date",
        "meta": "@Event",
        "alias": "Event",
        "userDefined": false
      },
      {
        "text": " today",
        "userDefined": false
      }
    ],
    "isTemplate": false,
    "count": 0,
    "lang": "en",
    "updated": 0
  },
  {
    "id": "9362da78-af54-48ae-9ba6-bf934174bed7",
    "data": [
      {
        "text": "I will go to a ",
        "userDefined": false
      },
      {
        "text": "lecture",
        "meta": "@Event",
        "alias": "Event",
        "userDefined": false
      }
    ],
    "isTemplate": false,
    "count": 0,
    "lang": "en",
    "updated": 0
  },
  {
    "id": "f47845de-e5fc-4680-ac8f-18cbea63eb2a",
    "data": [
      {
        "text": "Date",
        "meta": "@Event",
        "alias": "Event",
        "userDefined": true
      }
    ],
    "isTemplate": false,
    "count": 0,
    "lang": "en",
    "updated": 0
  },
  {
    "id": "e52874ed-b816-40ba-b11c-c272d8c9086f",
    "data": [
      {
        "text": "Lecture",
        "meta": "@Event",
        "alias": "Event",
        "userDefined": true
      }
    ],
    "isTemplate": false,
    "count": 0,
    "lang": "en",
    "updated": 0
  },
  {
    "id": "4d2a71e6-69e7-42e5-a61d-5300ed1a2f5f",
    "data": [
      {
        "text": "Job interview",
        "meta": "@Event",
        "alias": "Event",
        "userDefined": true
      }
    ],
    "isTemplate": false,
    "count": 0,
    "lang": "en",
    "updated": 0
  }
]