[
  {
    "id": "3ce9c65d-fa64-4ea5-96e8-37b86abd7e09",
    "data": [
      {
        "text": "I am ",
        "userDefined": false
      },
      {
        "text": "male",
        "meta": "@Gender",
        "alias": "Gender",
        "userDefined": false
      }
    ],
    "isTemplate": false,
    "count": 0,
    "lang": "en",
    "updated": 0
  },
  {
    "id": "9103fc73-216e-4a49-a66f-a5850a552dfc",
    "data": [
      {
        "text": "I am ",
        "userDefined": false
      },
      {
        "text": "female",
        "meta": "@Gender",
        "alias": "Gender",
        "userDefined": false
      }
    ],
    "isTemplate": false,
    "count": 0,
    "lang": "en",
    "updated": 0
  },
  {
    "id": "356d5936-cfc3-4881-a9a9-3dc4c91a9aa8",
    "data": [
      {
        "text": "Genderfluid",
        "meta": "@Gender",
        "alias": "Gender",
        "userDefined": true
      }
    ],
    "isTemplate": false,
    "count": 0,
    "lang": "en",
    "updated": 0
  },
  {
    "id": "b4f8b87e-dcb4-4208-927e-985fd5d38096",
    "data": [
      {
        "text": "Agender",
        "meta": "@Gender",
        "alias": "Gender",
        "userDefined": true
      }
    ],
    "isTemplate": false,
    "count": 0,
    "lang": "en",
    "updated": 0
  },
  {
    "id": "d5ba4b56-2398-4c60-b461-3b6903ae589e",
    "data": [
      {
        "text": "Non-binary",
        "meta": "@Gender",
        "alias": "Gender",
        "userDefined": true
      }
    ],
    "isTemplate": false,
    "count": 0,
    "lang": "en",
    "updated": 0
  },
  {
    "id": "dcb0cec6-2a42-48ca-89bf-b40ce525bb70",
    "data": [
      {
        "text": "Neutral",
        "meta": "@Gender",
        "alias": "Gender",
        "userDefined": true
      }
    ],
    "isTemplate": false,
    "count": 0,
    "lang": "en",
    "updated": 0
  },
  {
    "id": "31638732-368a-46b7-847f-4f01e627d4f4",
    "data": [
      {
        "text": "I\u0027m ",
        "userDefined": false
      },
      {
        "text": "female",
        "meta": "@Gender",
        "alias": "Gender",
        "userDefined": true
      }
    ],
    "isTemplate": false,
    "count": 0,
    "lang": "en",
    "updated": 0
  },
  {
    "id": "86c30aa5-6c2a-4fef-aef6-ef04c2802ec2",
    "data": [
      {
        "text": "I\u0027m ",
        "userDefined": false
      },
      {
        "text": "male",
        "meta": "@Gender",
        "alias": "Gender",
        "userDefined": true
      }
    ],
    "isTemplate": false,
    "count": 0,
    "lang": "en",
    "updated": 0
  },
  {
    "id": "095ab29f-3dd7-4f81-8112-3aef896c4236",
    "data": [
      {
        "text": "Other",
        "meta": "@Gender",
        "alias": "Gender",
        "userDefined": true
      }
    ],
    "isTemplate": false,
    "count": 0,
    "lang": "en",
    "updated": 0
  },
  {
    "id": "a9b32cf0-631e-4b10-97df-68814bf307fe",
    "data": [
      {
        "text": "Prefer not to say",
        "meta": "@Gender",
        "alias": "Gender",
        "userDefined": true
      }
    ],
    "isTemplate": false,
    "count": 0,
    "lang": "en",
    "updated": 0
  },
  {
    "id": "4023c167-9431-46f9-a59f-d9d014952bed",
    "data": [
      {
        "text": "Female",
        "meta": "@Gender",
        "alias": "Gender",
        "userDefined": true
      }
    ],
    "isTemplate": false,
    "count": 0,
    "lang": "en",
    "updated": 0
  },
  {
    "id": "42d4e5d7-58d8-42e4-920b-effc02b23d99",
    "data": [
      {
        "text": "Male",
        "meta": "@Gender",
        "alias": "Gender",
        "userDefined": true
      }
    ],
    "isTemplate": false,
    "count": 0,
    "lang": "en",
    "updated": 0
  }
]