[
  {
    "id": "abfaee55-7f64-40a4-b868-d9bb928095a1",
    "data": [
      {
        "text": "Good day",
        "userDefined": false
      }
    ],
    "isTemplate": false,
    "count": 0,
    "lang": "en",
    "updated": 0
  },
  {
    "id": "31702f1f-551b-4533-976d-326ab5e1e086",
    "data": [
      {
        "text": "Hello StyleBot",
        "userDefined": false
      }
    ],
    "isTemplate": false,
    "count": 0,
    "lang": "en",
    "updated": 0
  },
  {
    "id": "97cc1074-9b57-4825-aec1-d03a40c3920d",
    "data": [
      {
        "text": "Hi chatbot",
        "userDefined": false
      }
    ],
    "isTemplate": false,
    "count": 0,
    "lang": "en",
    "updated": 0
  },
  {
    "id": "87b6c933-3c1d-4f21-bc69-78f4462d78f0",
    "data": [
      {
        "text": "Hello chatbot",
        "userDefined": false
      }
    ],
    "isTemplate": false,
    "count": 0,
    "lang": "en",
    "updated": 0
  },
  {
    "id": "30ff4524-ef09-4a46-9b7b-1518da591d35",
    "data": [
      {
        "text": "hello gendered chatbot",
        "userDefined": false
      }
    ],
    "isTemplate": false,
    "count": 0,
    "lang": "en",
    "updated": 0
  },
  {
    "id": "3be00c67-fc1e-44d2-b199-2c632ab37a0b",
    "data": [
      {
        "text": "Good evening",
        "userDefined": false
      }
    ],
    "isTemplate": false,
    "count": 0,
    "lang": "en",
    "updated": 0
  },
  {
    "id": "b335969d-6422-417a-a7ee-9ccb89ffdbe4",
    "data": [
      {
        "text": "Good morning",
        "userDefined": false
      }
    ],
    "isTemplate": false,
    "count": 0,
    "lang": "en",
    "updated": 0
  },
  {
    "id": "4080a2e3-3464-4ece-b02a-cb05879536fa",
    "data": [
      {
        "text": "Hi there",
        "userDefined": false
      }
    ],
    "isTemplate": false,
    "count": 0,
    "lang": "en",
    "updated": 0
  },
  {
    "id": "03913385-c7e2-450d-8958-3e46c38c907b",
    "data": [
      {
        "text": "Hey",
        "userDefined": false
      }
    ],
    "isTemplate": false,
    "count": 0,
    "lang": "en",
    "updated": 0
  },
  {
    "id": "1be545bb-a8ed-4b47-b262-38aa83b825a2",
    "data": [
      {
        "text": "Hello",
        "userDefined": false
      }
    ],
    "isTemplate": false,
    "count": 0,
    "lang": "en",
    "updated": 0
  },
  {
    "id": "bf6e3a50-5dcc-4998-ab93-6dce02849407",
    "data": [
      {
        "text": "Hi",
        "userDefined": false
      }
    ],
    "isTemplate": false,
    "count": 0,
    "lang": "en",
    "updated": 0
  }
]